player,team,gameInfo,salary,value,completionsAttempts,passingYards,passingTouchdowns,interceptionsThrown,rushingAttempts,rushingYards,rushingTouchdowns,receptions,targets,receivingYards,receivingTouchdowns,fantasy,positionRank,overallRank,opponentDefensiveRank
Aaron Rodgers,Pittsburgh Steelers,ATL @ PIT,$7100,2.1,20.46/31.57,216.22,1.7,0.47,0.02,0.09,0,0,0,0,0,14.9,,,
Austin Hooper,Atlanta Falcons,ATL @ PIT,$4200,0.64,0.0/0.0,0,0,0,0,0,0,1.52,2.14,15.17,0.08,2.7,,,
Robert Tonyan,Pittsburgh Steelers,ATL @ PIT,$4000,0.03,0.0/0.0,0,0,0,0,0,0,0.05,0.32,0.14,0.01,0.1,,,
D.K. Metcalf,Pittsburgh Steelers,ATL @ PIT,$7000,1.43,0.0/0.0,0,0,0,0,0,0,3.93,6.97,52.3,0.47,10,,,
Mason Rudolph,Pittsburgh Steelers,ATL @ PIT,$6000,0,0.0/0.0,0,0,0,0,0,0,0,0,0,0,0,,,
Travis Homer,Pittsburgh Steelers,ATL @ PIT,$4000,0,0.0/0.0,0,0,0,0.02,0.1,0,0,0,0.02,0,0,,,
Olamide Zaccheaus,Atlanta Falcons,ATL @ PIT,$5300,0.7,0.0/0.0,0,0,0,0.28,1.34,0.01,1.93,3.06,19.67,0.1,3.7,,,
Michael Pittman Jr.,Pittsburgh Steelers,ATL @ PIT,$5800,1.33,0.0/0.0,0,0,0,0,0,0,3.88,5.87,40.56,0.28,7.7,,,
Tua Tagovailoa,Atlanta Falcons,ATL @ PIT,$6600,1.86,19.94/29.93,209.84,1.03,0.73,1.68,6.72,0.06,0,0,0,0,12.3,,,
Rico Dowdle,Pittsburgh Steelers,ATL @ PIT,$6100,1.92,0.0/0.0,0,0,0,14.88,66.6,0.4,1.75,2.37,12.22,0.11,11.7,,,
Charlie Woerner,Atlanta Falcons,ATL @ PIT,$4100,0.46,0.0/0.0,0,0,0,0,0,0,1.1,1.53,10,0.06,1.9,,,
Kyle Pitts,Atlanta Falcons,ATL @ PIT,$5500,1.22,0.0/0.0,0,0,0,0,0,0,3.67,5.5,36.28,0.2,6.7,,,
Pat Freiermuth,Pittsburgh Steelers,ATL @ PIT,$4800,1.31,0.0/0.0,0,0,0,0,0,0,3.1,4.44,33.19,0.25,6.3,,,
Ben Skowronek,Pittsburgh Steelers,ATL @ PIT,$4100,0.07,0.0/0.0,0,0,0,0,0,0,0.13,0.22,1.48,0.01,0.3,,,
Drake London,Atlanta Falcons,ATL @ PIT,$7900,1.39,0.0/0.0,0,0,0,0,0,0,5.17,8.25,67.26,0.28,11,,,
Jahan Dotson,Atlanta Falcons,ATL @ PIT,$5400,0.59,0.0/0.0,0,0,0,0,0,0,1.63,2.75,18.81,0.09,3.2,,,
Brian Robinson,Atlanta Falcons,ATL @ PIT,$5200,0.83,0.0/0.0,0,0,0,7.02,29.24,0.13,0.48,0.61,3.52,0.02,4.3,,,
Jaylen Warren,Pittsburgh Steelers,ATL @ PIT,$6500,1.91,0.0/0.0,0,0,0,12.79,59.28,0.36,2.77,3.64,20.59,0.15,12.4,,,
Bijan Robinson,Atlanta Falcons,ATL @ PIT,$8800,1.89,0.0/0.0,0,0,0,19.08,89.64,0.42,3.48,4.58,28.61,0.13,16.6,,,
Darnell Washington,Pittsburgh Steelers,ATL @ PIT,$4900,0.78,0.0/0.0,0,0,0,0.01,0.04,0,1.97,2.84,20.3,0.14,3.8,,,
Roman Wilson,Pittsburgh Steelers,ATL @ PIT,$4700,0.4,0.0/0.0,0,0,0,0,0,0,0.83,1.42,10.34,0.08,1.9,,,
Michael Penix Jr.,Atlanta Falcons,ATL @ PIT,$6600,0.03,0.39/0.62,4.5,0.02,0.02,0,0,0,0,0,0,0,0.2,,,
Chris Blair,Atlanta Falcons,ATL @ PIT,$4300,0.09,0.0/0.0,0,0,0,0,0,0,0.19,0.31,2.15,0.01,0.4,,,
Zachariah Branch,Atlanta Falcons,ATL @ PIT,N/A,N/A,0.0/0.0,0,0,0,0,0,0,1.15,1.83,12.86,0.06,2.2,,,
Germie Bernard,Pittsburgh Steelers,ATL @ PIT,N/A,N/A,0.0/0.0,0,0,0,0,0,0,1.94,3.32,24.01,0.18,4.4,,,
Kaden Wetjen,Pittsburgh Steelers,ATL @ PIT,N/A,N/A,0.0/0.0,0,0,0,0,0,0,0,0,0,0,0,,,
Riley Nowakowski,Pittsburgh Steelers,ATL @ PIT,N/A,N/A,0.0/0.0,0,0,0,0,0,0,0.11,0.16,1.06,0.01,0.2,,,
Andy Dalton,Philadelphia Eagles,WSH @ PHI,$6000,0.05,0.4/0.62,4.65,0.03,0.02,0,0,0,0,0,0,0,0.3,,,
Marcus Mariota,Washington Commanders,WSH @ PHI,$6000,0,0.0/0.0,0,0,0,0,0,0,0,0,0.01,0,0,,,
Stefon Diggs,Washington Commanders,WSH @ PHI,$6000,1.37,0.0/0.0,0,0,0,0,0,0,4.01,6.47,47.02,0.25,8.2,,,
Jeremy McNichols,Washington Commanders,WSH @ PHI,$4200,0,0.0/0.0,0,0,0,0,0,0,0,0,0,0,0,,,
Saquon Barkley,Philadelphia Eagles,WSH @ PHI,$8100,2.06,0.0/0.0,0,0,0,17.39,83.79,0.54,3.01,4.38,25.73,0.17,16.7,,,
Dallas Goedert,Philadelphia Eagles,WSH @ PHI,$5300,1.87,0.0/0.0,0,0,0,0,0,0,4.66,6.57,51.44,0.41,9.9,,,
Johnny Mundt,Philadelphia Eagles,WSH @ PHI,$4000,0.1,0.0/0.0,0,0,0,0,0,0,0.21,0.31,2.1,0.02,0.4,,,
Marquise Brown,Philadelphia Eagles,WSH @ PHI,$5100,0.53,0.0/0.0,0,0,0,0,0,0,1.25,2.19,15.09,0.1,2.7,,,
Terry McLaurin,Washington Commanders,WSH @ PHI,$6200,1.5,0.0/0.0,0,0,0,0,0,0,4.14,7.34,55.42,0.28,9.3,,,
Jalen Hurts,Philadelphia Eagles,WSH @ PHI,$8300,2.39,19.9/30.65,228.65,1.5,0.58,6.09,28.08,0.46,0,0,0,0,19.8,,,
Elijah Moore,Philadelphia Eagles,WSH @ PHI,$5000,0,0.0/0.0,0,0,0,0,0,0,0,0,0,0,0,,,
DeVonta Smith,Philadelphia Eagles,WSH @ PHI,$7500,1.44,0.0/0.0,0,0,0,0,0,0,4.82,7.19,62.66,0.35,10.8,,,
Dyami Brown,Washington Commanders,WSH @ PHI,$4600,0,0.0/0.0,0,0,0,0,0,0,0,0,0,0,0,,,
John Bates,Washington Commanders,WSH @ PHI,$4300,0.26,0.0/0.0,0,0,0,0,0,0,0.68,1.09,5.87,0.04,1.1,,,
Treylon Burks,Washington Commanders,WSH @ PHI,$5500,0.38,0.0/0.0,0,0,0,0,0,0,0.98,1.9,12.06,0.07,2.1,,,
Rachaad White,Washington Commanders,WSH @ PHI,$5600,1.54,0.0/0.0,0,0,0,10.62,42.54,0.24,1.95,2.7,14.11,0.1,8.6,,,
Chigoziem Okonkwo,Washington Commanders,WSH @ PHI,$5000,0.96,0.0/0.0,0,0,0,0,0,0,2.68,4.29,23.96,0.17,4.8,,,
Jerome Ford,Washington Commanders,WSH @ PHI,$4000,0.03,0.0/0.0,0,0,0,0.13,0.55,0,0,0,0,0,0.1,,,
Grant Calcaterra,Philadelphia Eagles,WSH @ PHI,$4100,0,0.0/0.0,0,0,0,0,0,0,0,0,0,0,0,,,
Stone Smartt,Philadelphia Eagles,WSH @ PHI,$4200,0.12,0.0/0.0,0,0,0,0,0,0,0.21,0.31,2.31,0.02,0.5,,,
Tank Bigsby,Philadelphia Eagles,WSH @ PHI,$4600,0.89,0.0/0.0,0,0,0,4.93,21.62,0.16,0.67,0.94,5.44,0.03,4.1,,,
Dontayvion Wicks,Philadelphia Eagles,WSH @ PHI,$5500,0.73,0.0/0.0,0,0,0,0,0,0,1.81,3.13,22.32,0.15,4,,,
Ben Sinnott,Washington Commanders,WSH @ PHI,$4400,0.07,0.0/0.0,0,0,0,0,0,0,0.21,0.33,1.78,0.01,0.3,,,
Luke McCaffrey,Washington Commanders,WSH @ PHI,$4600,0.13,0.0/0.0,0,0,0,0,0,0,0.26,0.47,3.01,0.02,0.6,,,
Jayden Daniels,Washington Commanders,WSH @ PHI,$7900,1.76,18.0/30.03,196.18,1.12,0.72,3.09,14.7,0.14,0,0,0,0,13.9,,,
Will Shipley,Philadelphia Eagles,WSH @ PHI,$4100,0.15,0.0/0.0,0,0,0,0.58,2.35,0.01,0.22,0.31,1.66,0.01,0.6,,,
Jacory Croskey-Merritt,Washington Commanders,WSH @ PHI,$5700,1.7,0.0/0.0,0,0,0,13.9,59.72,0.47,0.81,1.19,6.27,0.04,9.7,,,
Jack Westover,Washington Commanders,WSH @ PHI,N/A,N/A,0.0/0.0,0,0,0,0,0,0,0,0,0,0,0,,,
Darius Cooper,Philadelphia Eagles,WSH @ PHI,$4200,0,0.0/0.0,0,0,0,0,0,0,0,0,0,0,0,,,
Jaylin Lane,Washington Commanders,WSH @ PHI,$4400,0.25,0.0/0.0,0,0,0,0,0,0,0.54,1,6.2,0.03,1.1,,,
Cameron Latu,Philadelphia Eagles,WSH @ PHI,N/A,N/A,0.0/0.0,0,0,0,0,0,0,0,0,0,0,0,,,
Ja'Corey Brooks,Washington Commanders,WSH @ PHI,N/A,N/A,0.0/0.0,0,0,0,0,0,0,0,0,0,0,0,,,
Makai Lemon,Philadelphia Eagles,WSH @ PHI,N/A,N/A,0.0/0.0,0,0,0,0,0,0,3.43,5.94,44.56,0.27,7.8,,,
Eli Stowers,Philadelphia Eagles,WSH @ PHI,N/A,N/A,0.0/0.0,0,0,0,0,0,0,0,0,0,0,0,,,
Antonio Williams,Washington Commanders,WSH @ PHI,N/A,N/A,0.0/0.0,0,0,0,0,0,0,1.58,2.99,19.24,0.11,3.4,,,
Kaytron Allen,Washington Commanders,WSH @ PHI,N/A,N/A,0.0/0.0,0,0,0,0.8,3.2,0.02,0.18,0.26,1.25,0.01,0.7,,,
Kirk Cousins,Las Vegas Raiders,MIA @ LV,$6700,1.04,10.12/15.46,109.58,0.73,0.3,0.27,1.03,0.01,0,0,0,0,7,,,
Ian Thomas,Las Vegas Raiders,MIA @ LV,$4100,1.76,0.0/0.0,0,0,0,0.53,2.26,0.04,3.64,5.42,35.33,0.23,7.2,,,
Jalen Tolbert,Miami Dolphins,MIA @ LV,$5200,0.96,0.0/0.0,0,0,0,0,0,0,2.29,3.62,30.51,0.14,5,,,
Connor Heyward,Las Vegas Raiders,MIA @ LV,$4000,1.88,0.0/0.0,0,0,0,0.53,2.25,0.04,3.75,5.42,37.1,0.25,7.5,,,
Malik Willis,Miami Dolphins,MIA @ LV,$6500,1.91,19.38/28.86,206.69,1.02,0.75,1.18,5.99,0.06,0,0,0,0,12.4,,,
Jalen Nailor,Las Vegas Raiders,MIA @ LV,$5200,0.79,0.0/0.0,0,0,0,0,0,0,1.67,2.83,24.43,0.14,4.1,,,
Greg Dulcich,Miami Dolphins,MIA @ LV,$4900,1.35,0.0/0.0,0,0,0,0,0,0,3.23,4.52,38.87,0.18,6.6,,,
Dareke Young,Las Vegas Raiders,MIA @ LV,$4100,0.37,0.0/0.0,0,0,0,0,0,0,0.72,1.18,8.82,0.05,1.5,,,
Michael Mayer,Las Vegas Raiders,MIA @ LV,$4600,1.63,0.0/0.0,0,0,0,0.53,2.26,0.04,3.71,5.42,37.57,0.24,7.5,,,
De'Von Achane,Miami Dolphins,MIA @ LV,$8500,2.15,0.0/0.0,0,0,0,16.17,82.17,0.53,4.65,5.74,35.72,0.18,18.3,,,
Tre Tucker,Las Vegas Raiders,MIA @ LV,$5600,0.73,0.0/0.0,0,0,0,0.53,2.43,0.02,1.69,2.83,20.78,0.13,4.1,,,
Ben Sims,Miami Dolphins,MIA @ LV,$4200,0.17,0.0/0.0,0,0,0,0,0,0,0.37,0.51,3.95,0.02,0.7,,,
Brock Bowers,Las Vegas Raiders,MIA @ LV,$6800,0,0.0/0.0,0,0,0,0,0,0,0,0,0,0,0,,,
Jaylen Wright,Miami Dolphins,MIA @ LV,$4900,0.82,0.0/0.0,0,0,0,5.71,22.66,0.13,0.78,1,5.42,0.02,4,,,
Dylan Laube,Las Vegas Raiders,MIA @ LV,$4300,0.44,0.0/0.0,0,0,0,2.65,10.88,0.06,0.35,0.47,2.43,0.01,1.9,,,
Malik Washington,Miami Dolphins,MIA @ LV,$5800,1.1,0.0/0.0,0,0,0,0.95,4.19,0.03,3.14,4.72,32.69,0.17,6.4,,,
Ryan Miller,Miami Dolphins,MIA @ LV,N/A,N/A,0.0/0.0,0,0,0,0,0,0,0.39,0.59,4.96,0.02,0.8,,,
Justin Shorter,Las Vegas Raiders,MIA @ LV,$4000,0,0.0/0.0,0,0,0,0,0,0,0,0,0,0,0,,,
Ashton Jeanty,Las Vegas Raiders,MIA @ LV,$7000,1.84,0.0/0.0,0,0,0,17.27,74.09,0.48,1.76,2.36,12.73,0.09,12.9,,,
Ollie Gordon II,Miami Dolphins,MIA @ LV,$5200,0.35,0.0/0.0,0,0,0,2.17,8.92,0.07,0.34,0.42,2.55,0.01,1.8,,,
Dont'e Thornton Jr.,Las Vegas Raiders,MIA @ LV,$4600,0,0.0/0.0,0,0,0,0,0,0,0,0,0,0,0,,,
Jack Bech,Las Vegas Raiders,MIA @ LV,$4800,0.85,0.0/0.0,0,0,0,0,0,0,1.83,3.06,23.38,0.14,4.1,,,
Jarquez Hunter,Miami Dolphins,MIA @ LV,N/A,N/A,0.0/0.0,0,0,0,0.99,3.97,0.02,0,0,0,0,0.5,,,
Carter Runyon,Las Vegas Raiders,MIA @ LV,N/A,N/A,0.0/0.0,0,0,0,0,0,0,0,0,0,0,0,,,
Tahj Washington,Miami Dolphins,MIA @ LV,N/A,N/A,0.0/0.0,0,0,0,0,0,0,0,0,0,0,0,,,
Fernando Mendoza,Las Vegas Raiders,MIA @ LV,N/A,N/A,10.1/15.18,104.36,0.62,0.4,1.33,5.94,0.06,0,0,0,0,7.1,,,
Mike Washington,Las Vegas Raiders,MIA @ LV,N/A,N/A,0.0/0.0,0,0,0,3.72,16.18,0.13,0.36,0.47,2.71,0.02,2.9,,,
Malik Benson,Las Vegas Raiders,MIA @ LV,N/A,N/A,0.0/0.0,0,0,0,0,0,0,0.72,1.18,8.65,0.05,1.5,,,
Caleb Douglas,Miami Dolphins,MIA @ LV,N/A,N/A,0.0/0.0,0,0,0,0,0,0,2.56,4.05,35.61,0.15,5.7,,,
Will Kacmarek,Miami Dolphins,MIA @ LV,N/A,N/A,0.0/0.0,0,0,0,0,0,0,0.86,1.17,9.23,0.05,1.6,,,
Chris Bell,Miami Dolphins,MIA @ LV,N/A,N/A,0.0/0.0,0,0,0,0,0,0,0.48,0.74,6.19,0.03,1,,,
Kevin Coleman,Miami Dolphins,MIA @ LV,N/A,N/A,0.0/0.0,0,0,0,0,0,0,0.29,1.77,0.99,0.04,0.5,,,
Keenan Allen,Indianapolis Colts,BAL @ IND,$5700,0.28,0.0/0.0,0,0,0,0,0,0,0.96,5.59,3.29,0.13,1.6,,,
Derrick Henry,Baltimore Ravens,BAL @ IND,$8300,1.83,0.0/0.0,0,0,0,20.24,86.24,0.82,1.07,1.51,10.27,0.07,15.2,,,
Lamar Jackson,Baltimore Ravens,BAL @ IND,$8400,2.25,18.3/28.72,229.11,1.7,0.55,5.16,29.08,0.15,0,0,0,0,18.9,,,
Mark Andrews,Baltimore Ravens,BAL @ IND,$5200,1.46,0.0/0.0,0,0,0,0.52,2.04,0.02,3.11,4.69,34.36,0.38,7.6,,,
Durham Smythe,Baltimore Ravens,BAL @ IND,$4100,0.44,0.0/0.0,0,0,0,0,0,0,0.85,1.24,9.11,0.07,1.8,,,
Mo Alie-Cox,Indianapolis Colts,BAL @ IND,$4100,0.61,0.0/0.0,0,0,0,0,0,0,1.29,1.68,14.07,0.08,2.5,,,
Daniel Jones,Indianapolis Colts,BAL @ IND,$7300,2.18,23.07/34.7,261.61,1.29,0.72,1.2,5.68,0.06,0.1,0.12,0.19,0.02,15.9,,,
Justice Hill,Baltimore Ravens,BAL @ IND,$4400,1.2,0.0/0.0,0,0,0,2.98,12.88,0.09,2.02,2.83,16.86,0.13,5.3,,,
Ashton Dulin,Indianapolis Colts,BAL @ IND,$4300,0.42,0.0/0.0,0,0,0,0.26,1.31,0.01,0.76,1.09,10.12,0.04,1.8,,,
Jonathan Taylor,Indianapolis Colts,BAL @ IND,$8600,2.26,0.0/0.0,0,0,0,19.55,90.57,0.93,3.23,3.69,25.79,0.12,19.4,,,
Tyler Huntley,Baltimore Ravens,BAL @ IND,$6000,0,0.0/0.0,0,0,0,0,0,0,0,0,0,0,0,,,
Rashod Bateman,Baltimore Ravens,BAL @ IND,$5200,1.15,0.0/0.0,0,0,0,0,0,0,2.32,4.06,34.5,0.23,6,,,
Alec Pierce,Indianapolis Colts,BAL @ IND,$6000,1.83,0.0/0.0,0,0,0,0,0,0,3.87,6.29,75.58,0.25,11,,,
Zay Flowers,Baltimore Ravens,BAL @ IND,$7300,1.81,0.0/0.0,0,0,0,0.61,2.68,0.03,5.11,8.01,76.05,0.45,13.2,,,
Anthony Richardson,Indianapolis Colts,BAL @ IND,$6000,0,0.0/0.0,0.02,0,0,0,0,0,0.12,0.12,-0.28,0,0,,,
Josh Downs,Indianapolis Colts,BAL @ IND,$5600,1.82,0.0/0.0,0,0,0,0.13,0.65,0,5.23,6.95,58.77,0.27,10.2,,,
Andrew Ogletree,Indianapolis Colts,BAL @ IND,$4100,0.15,0.0/0.0,0,0,0,0,0,0,0.34,0.43,3.54,0.02,0.6,,,
Will Mallory,Indianapolis Colts,BAL @ IND,$4000,0,0.0/0.0,0,0,0,0,0,0,0,0,0,0,0,,,
Devontez Walker,Baltimore Ravens,BAL @ IND,$4500,0.33,0.0/0.0,0,0,0,0,0,0,0.58,0.97,8.27,0.06,1.5,,,
Rasheen Ali,Baltimore Ravens,BAL @ IND,$4200,0.14,0.0/0.0,0,0,0,0.92,3.63,0.02,0.1,0.14,0.68,0.01,0.6,,,
Tyler Warren,Indianapolis Colts,BAL @ IND,$5600,2.02,0.0/0.0,0,0,0,0.38,1.51,0.02,5.9,7.29,61.84,0.32,11.3,,,
DJ Giddens,Indianapolis Colts,BAL @ IND,$4500,0.09,0.0/0.0,0,0,0,0.26,1.02,0.01,0.16,0.18,1.08,0,0.4,,,
LaJohntay Wester,Baltimore Ravens,BAL @ IND,N/A,N/A,0.0/0.0,0,0,0,0,0,0,0.67,1.13,8.38,0.07,1.6,,,
Coleman Owen,Indianapolis Colts,BAL @ IND,N/A,N/A,0.0/0.0,0,0,0,0,0,0,0,0,0,0,0,,,
Ja'Kobi Lane,Baltimore Ravens,BAL @ IND,N/A,N/A,0.0/0.0,0,0,0,0,0,0,1.88,3.18,23.53,0.18,4.3,,,
Elijah Sarratt,Baltimore Ravens,BAL @ IND,N/A,N/A,0.0/0.0,0,0,0,0,0,0,0.46,0.77,5.72,0.04,1,,,
Matthew Hibner,Baltimore Ravens,BAL @ IND,N/A,N/A,0.0/0.0,0,0,0,0,0,0,0.13,0.19,1.39,0.01,0.3,,,
Josh Cuevas,Baltimore Ravens,BAL @ IND,N/A,N/A,0.0/0.0,0,0,0,0,0,0,0,0,0,0,0,,,
Seth McGowan,Indianapolis Colts,BAL @ IND,N/A,N/A,0.0/0.0,0,0,0,3.51,14.08,0.1,1.11,1.27,7.66,0.03,3.4,,,
Josh Allen,Buffalo Bills,BUF @ HOU,$8900,2.0,20.06/30.45,226.03,1.29,0.73,4.37,23.89,0.35,0,0,0,0,17.8,,,
D.J. Moore,Buffalo Bills,BUF @ HOU,$6500,1.26,0.0/0.0,0,0,0,0.29,1.16,0.01,3.83,6.25,45.97,0.25,8.2,,,
Dalton Schultz,Houston Texans,BUF @ HOU,$5100,1.25,0.0/0.0,0,0,0,0,0,0,3.56,5.56,33.45,0.21,6.4,,,
Kyle Allen,Buffalo Bills,BUF @ HOU,$6000,0,0.0/0.0,0,0,0,0,0,0,0,0,0,0,0,,,
David Montgomery,Houston Texans,BUF @ HOU,$6300,2.1,0.0/0.0,0,0,0,15.68,69.68,0.68,1.53,2.08,11.4,0.06,13.2,,,
Dawson Knox,Buffalo Bills,BUF @ HOU,$4700,0.64,0.0/0.0,0,0,0,0,0,0,1.45,2.24,15.91,0.12,3,,,
Ty Johnson,Buffalo Bills,BUF @ HOU,$5000,0.86,0.0/0.0,0,0,0,2.93,12.46,0.08,1.43,2.03,14.85,0.07,4.3,,,
Foster Moreau,Houston Texans,BUF @ HOU,$4400,0.39,0.0/0.0,0,0,0,0,0,0,0.88,1.32,9.62,0.06,1.7,,,
Nico Collins,Houston Texans,BUF @ HOU,$7700,1.65,0.0/0.0,0,0,0,0.13,0.6,0,5.89,9.42,77.11,0.34,12.7,,,
Josh Palmer,Buffalo Bills,BUF @ HOU,$4600,0.78,0.0/0.0,0,0,0,0,0,0,1.55,2.61,22.87,0.1,3.6,,,
Davis Mills,Houston Texans,BUF @ HOU,$6000,0,0.0/0.0,0,0,0,0,0,0,0,0,0,0,0,,,
James Cook,Buffalo Bills,BUF @ HOU,$7800,2.08,0.0/0.0,0,0,0,18.85,89.87,0.62,2.37,3.2,20.05,0.12,16.2,,,
Khalil Shakir,Buffalo Bills,BUF @ HOU,$5900,1.19,0.0/0.0,0,0,0,0,0,0,3.53,5.23,39.06,0.22,7,,,
Dalton Kincaid,Buffalo Bills,BUF @ HOU,$5200,1.38,0.0/0.0,0,0,0,0,0,0,3.49,5.06,39.72,0.25,7.2,,,
C.J. Stroud,Houston Texans,BUF @ HOU,$6800,2.21,21.71/34.37,235.48,1.24,0.64,1.53,7.29,0.06,0.1,0.18,0.37,0.03,15,,,
Tank Dell,Houston Texans,BUF @ HOU,$5700,0,0.0/0.0,0,0,0,0,0,0,0,0,0,0,0,,,
Kayshon Boutte,Houston Texans,BUF @ HOU,$5000,1.0,0.0/0.0,0,0,0,0,0,0,2.28,3.8,30.33,0.14,5,,,
Xavier Hutchinson,Houston Texans,BUF @ HOU,$4800,1.02,0.0/0.0,0,0,0,0,0,0,2.54,4.47,28.16,0.15,4.9,,,
Keon Coleman,Buffalo Bills,BUF @ HOU,$4900,0.49,0.0/0.0,0,0,0,0,0,0,1.05,1.82,14.47,0.08,2.4,,,
Ray Davis,Buffalo Bills,BUF @ HOU,$4600,0.52,0.0/0.0,0,0,0,3.68,14.65,0.08,0.32,0.44,2.43,0.01,2.4,,,
British Brooks,Houston Texans,BUF @ HOU,$4000,0.1,0.0/0.0,0,0,0,0.4,1.67,0.01,0.12,0.17,0.76,0,0.4,,,
Cade Stover,Houston Texans,BUF @ HOU,$4200,0.12,0.0/0.0,0,0,0,0.09,0.34,0.01,0.23,0.34,2.08,0.01,0.5,,,
Tyrell Shavers,Buffalo Bills,BUF @ HOU,N/A,N/A,0.0/0.0,0,0,0,0,0,0,0,0,0,0,0,,,
Jared Wayne,Houston Texans,BUF @ HOU,$4200,0.07,0.0/0.0,0,0,0,0,0,0,0.14,0.24,1.57,0.01,0.3,,,
Woody Marks,Houston Texans,BUF @ HOU,$6200,1.31,0.0/0.0,0,0,0,8.98,39.19,0.23,1.99,2.79,14.33,0.08,8.1,,,
Jaylin Noel,Houston Texans,BUF @ HOU,$5000,0.74,0.0/0.0,0,0,0,0,0,0,1.91,3.18,21.07,0.11,3.7,,,
Jackson Hawes,Buffalo Bills,BUF @ HOU,N/A,N/A,0.0/0.0,0,0,0,0,0,0,0.68,0.99,6.65,0.05,1.3,,,
Keleki Latu,Buffalo Bills,BUF @ HOU,N/A,N/A,0.0/0.0,0,0,0,0,0,0,0,0,0,0,0,,,
Skyler Bell,Buffalo Bills,BUF @ HOU,N/A,N/A,0.0/0.0,0,0,0,0,0,0,0.34,0.58,4.06,0.02,0.7,,,
Marlin Klein,Houston Texans,BUF @ HOU,N/A,N/A,0.0/0.0,0,0,0,0,0,0,0.55,0.82,5.23,0.03,1,,,
Jacoby Brissett,Arizona Cardinals,ARI @ LAC,$7000,2.16,22.34/35.08,238.62,1.25,0.52,1.86,7.92,0.09,0,0,0,0,15.1,,,
James Conner,Arizona Cardinals,ARI @ LAC,$5400,0,0.0/0.0,0,0,0,0,0,0,0,0,0,0,0,,,
David Njoku,Los Angeles Chargers,ARI @ LAC,$4800,0.94,0.0/0.0,0,0,0,0,0,0,2.18,3.29,19.37,0.25,4.5,,,
Kendrick Bourne,Arizona Cardinals,ARI @ LAC,$4700,1.06,0.0/0.0,0,0,0,0,0,0,2.49,3.78,30.15,0.13,5,,,
Gardner Minshew,Arizona Cardinals,ARI @ LAC,$6000,0,0.0/0.0,0.02,0,0,0,0,0,0,0,0,0,0,,,
Alec Ingold,Los Angeles Chargers,ARI @ LAC,$4100,0.12,0.0/0.0,0,0,0,0.09,0.39,0,0.25,0.33,2.01,0.02,0.5,,,
Devin Duvernay,Arizona Cardinals,ARI @ LAC,$4100,0.07,0.0/0.0,0,0,0,0,0,0,0.17,0.28,1.62,0.01,0.3,,,
Justin Herbert,Los Angeles Chargers,ARI @ LAC,$7600,2.38,21.36/32.28,234.27,2.01,0.54,1.83,7.5,0.09,0,0,0,0,18.1,,,
Trey Lance,Los Angeles Chargers,ARI @ LAC,$6000,0,0.0/0.0,0,0,0,0,0,0,0,0,0,0,0,,,
Hunter Long,Arizona Cardinals,ARI @ LAC,$4200,0.1,0.0/0.0,0,0,0,0,0,0,0.24,0.36,2.22,0.01,0.4,,,
Trey McBride,Arizona Cardinals,ARI @ LAC,$7600,1.46,0.0/0.0,0,0,0,0,0,0,6.23,8.92,59.58,0.34,11.1,,,
Tyler Allgeier,Arizona Cardinals,ARI @ LAC,$5900,1.1,0.0/0.0,0,0,0,9.94,42.43,0.28,0.38,0.51,2.81,0.01,6.5,,,
Simi Fehoko,Arizona Cardinals,ARI @ LAC,$4000,0.2,0.0/0.0,0,0,0,0,0,0,0.38,0.69,4.68,0.02,0.8,,,
Zonovan Knight,Arizona Cardinals,ARI @ LAC,$4000,0.03,0.0/0.0,0,0,0,0.16,0.66,0,0,0,0,0,0.1,,,
Charlie Kolar,Los Angeles Chargers,ARI @ LAC,$4100,1.24,0.0/0.0,0,0,0,0,0,0,2.28,3.23,25.39,0.24,5.1,,,
Quentin Johnston,Los Angeles Chargers,ARI @ LAC,$6000,1.43,0.0/0.0,0,0,0,0.3,1.45,0.01,3.34,5.63,45.56,0.36,8.6,,,
Derius Davis,Los Angeles Chargers,ARI @ LAC,$4100,0,0.0/0.0,0,0,0,0,0,0,0,0,0,0,0,,,
Michael Wilson,Arizona Cardinals,ARI @ LAC,$6300,1.17,0.0/0.0,0,0,0,0,0,0,3.56,6.01,43.36,0.21,7.4,,,
Keaton Mitchell,Los Angeles Chargers,ARI @ LAC,$4400,0.43,0.0/0.0,0,0,0,2.09,9.24,0.07,0.37,0.49,2.73,0.02,1.9,,,
Elijah Higgins,Arizona Cardinals,ARI @ LAC,$4200,0.6,0.0/0.0,0,0,0,0,0,0,1.39,2.02,13.4,0.08,2.5,,,
Jalen Brooks,Arizona Cardinals,ARI @ LAC,$4000,0.35,0.0/0.0,0,0,0,0,0,0,0.69,1.21,8.04,0.04,1.4,,,
Marvin Harrison Jr.,Arizona Cardinals,ARI @ LAC,$5900,1.54,0.0/0.0,0,0,0,0,0,0,4.13,7.55,53.49,0.28,9.1,,,
Trey Benson,Arizona Cardinals,ARI @ LAC,$4300,0,0.0/0.0,0,0,0,0,0,0,0,0,0,0,0,,,
Ladd McConkey,Los Angeles Chargers,ARI @ LAC,$6500,1.68,0.0/0.0,0,0,0,0,0,0,4.63,7.16,58.15,0.46,10.9,,,
Kimani Vidal,Los Angeles Chargers,ARI @ LAC,$5100,1.31,0.0/0.0,0,0,0,6.86,30.31,0.27,1.22,1.64,9.96,0.09,6.7,,,
Tip Reiman,Arizona Cardinals,ARI @ LAC,$4000,0,0.0/0.0,0,0,0,0,0,0,0,0,0,0,0,,,
Xavier Weaver,Arizona Cardinals,ARI @ LAC,$4000,0,0.0/0.0,0,0,0,0,0,0,0,0,0,0,0,,,
Omarion Hampton,Los Angeles Chargers,ARI @ LAC,$7300,2.14,0.0/0.0,0,0,0,18.79,78.35,0.66,2.61,3.45,17.76,0.15,15.6,,,
Tre Harris,Los Angeles Chargers,ARI @ LAC,$4700,1.19,0.0/0.0,0,0,0,0,0,0,2.48,4.03,29.9,0.23,5.6,,,
KeAndre Lambert-Smith,Los Angeles Chargers,ARI @ LAC,$4200,0,0.0/0.0,0,0,0,0,0,0,0,0,0,0,0,,,
Dalevon Campbell,Los Angeles Chargers,ARI @ LAC,N/A,N/A,0.0/0.0,0,0,0,0,0,0,0,0,0,0,0,,,
Oronde Gadsden,Los Angeles Chargers,ARI @ LAC,N/A,N/A,0.0/0.0,0,0,0,0,0,0,1.09,1.55,12.78,0.11,2.5,,,
Amar Johnson,Los Angeles Chargers,ARI @ LAC,N/A,N/A,0.0/0.0,0,0,0,0,0,0,0,0,0,0,0,,,
Jeremiyah Love,Arizona Cardinals,ARI @ LAC,N/A,N/A,0.0/0.0,0,0,0,12.3,54.61,0.38,2.67,3.76,19.31,0.11,11.5,,,
Brenen Thompson,Los Angeles Chargers,ARI @ LAC,N/A,N/A,0.0/0.0,0,0,0,0,0,0,0.91,1.47,10.66,0.09,2,,,
Ameer Abdullah,Jacksonville Jaguars,CLE @ JAC,$4300,0.49,0.0/0.0,0,0,0,1.17,4.84,0.03,1.02,1.47,7,0.05,2.1,,,
Deshaun Watson,Cleveland Browns,CLE @ JAC,$6500,1.86,18.34/29.17,176.83,0.9,0.61,3.44,16.69,0.12,0,0,0,0,12.1,,,
Jakobi Meyers,Jacksonville Jaguars,CLE @ JAC,$5800,1.34,0.0/0.0,0,0,0,0.07,0.32,0,3.65,6.02,43.51,0.26,7.8,,,
Jerry Jeudy,Cleveland Browns,CLE @ JAC,$5700,1.16,0.0/0.0,0,0,0,0,0,0,3.46,6.32,38.04,0.17,6.6,,,
Trevor Lawrence,Jacksonville Jaguars,CLE @ JAC,$7700,2.05,20.42/32.93,228.68,1.54,0.69,1.7,7.21,0.09,0,0,0,0,15.8,,,
Tylan Wallace,Cleveland Browns,CLE @ JAC,$4300,0.3,0.0/0.0,0,0,0,0,0,0,0.68,1.16,7.78,0.04,1.3,,,
Quintin Morris,Jacksonville Jaguars,CLE @ JAC,$4000,0.05,0.0/0.0,0,0,0,0,0,0,0.11,0.17,1.12,0.01,0.2,,,
Chris Rodriguez Jr.,Jacksonville Jaguars,CLE @ JAC,$5300,1.43,0.0/0.0,0,0,0,11.1,49.54,0.38,0.25,0.36,1.9,0.01,7.6,,,
Brenton Strange,Jacksonville Jaguars,CLE @ JAC,$5100,1.45,0.0/0.0,0,0,0,0,0,0,3.6,5.41,39.1,0.28,7.4,,,
Parker Washington,Jacksonville Jaguars,CLE @ JAC,$6600,1.56,0.0/0.0,0,0,0,0.29,1.26,0.01,4.26,7.37,57.45,0.39,10.3,,,
Brian Thomas Jr.,Jacksonville Jaguars,CLE @ JAC,$6100,1.16,0.0/0.0,0,0,0,0.15,0.64,0.01,2.88,5.13,39.27,0.27,7.1,,,
Malachi Corley,Cleveland Browns,CLE @ JAC,$4100,0.29,0.0/0.0,0,0,0,0.46,1.84,0.01,0.53,0.87,5.22,0.03,1.2,,,
Blake Whiteheart,Cleveland Browns,CLE @ JAC,$4200,0.38,0.0/0.0,0,0,0,0,0,0,1,1.46,8.68,0.05,1.6,,,
Travis Hunter,Jacksonville Jaguars,CLE @ JAC,$5300,0.55,0.0/0.0,0,0,0,0.09,0.38,0,1.29,2.24,15.93,0.11,2.9,,,
Quinshon Judkins,Cleveland Browns,CLE @ JAC,$6400,1.5,0.0/0.0,0,0,0,15.06,62.26,0.31,1.09,1.46,7.18,0.04,9.6,,,
Dylan Sampson,Cleveland Browns,CLE @ JAC,$5100,1.06,0.0/0.0,0,0,0,5.08,20.71,0.11,2,2.62,13.58,0.06,5.4,,,
Shedeur Sanders,Cleveland Browns,CLE @ JAC,$6500,0.05,0.56/0.93,6.17,0.03,0.02,0,0,0,0,0,0,0,0.3,,,
Bhayshul Tuten,Jacksonville Jaguars,CLE @ JAC,$6700,1.82,0.0/0.0,0,0,0,14.22,59.68,0.52,2.17,3.06,15.72,0.11,12.2,,,
Raheim Sanders,Cleveland Browns,CLE @ JAC,$4300,0.21,0.0/0.0,0,0,0,1.14,4.51,0.02,0.22,0.29,1.31,0.01,0.9,,,
LeQuint Allen Jr.,Jacksonville Jaguars,CLE @ JAC,$4900,0.39,0.0/0.0,0,0,0,0.44,1.78,0.01,1.19,1.7,7.71,0.05,1.9,,,
Isaiah Bond,Cleveland Browns,CLE @ JAC,$4600,0.41,0.0/0.0,0,0,0,0,0,0,0.98,1.75,11.75,0.05,1.9,,,
Harold Fannin Jr.,Cleveland Browns,CLE @ JAC,N/A,N/A,0.0/0.0,0,0,0,1.72,7.58,0.04,3.92,5.72,35.37,0.21,7.7,,,
Quinn Ewers,Jacksonville Jaguars,CLE @ JAC,$6000,0,0.0/0.0,0.02,0,0,0,0,0,0,0,0,0,0,,,
Chandler Brayboy,Jacksonville Jaguars,CLE @ JAC,$4000,0,0.0/0.0,0,0,0,0,0,0,0,0,0,0,0,,,
KC Concepcion,Cleveland Browns,CLE @ JAC,N/A,N/A,0.0/0.0,0,0,0,0,0,0,2.72,4.66,30.5,0.15,5.3,,,
Denzel Boston,Cleveland Browns,CLE @ JAC,N/A,N/A,0.0/0.0,0,0,0,0,0,0,2.3,3.79,23.61,0.12,4.2,,,
Joe Flacco,Cincinnati Bengals,TB @ CIN,$6000,0,0.0/0.0,0,0,0,0,0,0,0,0,0,0,0,,,
Samaje Perine,Cincinnati Bengals,TB @ CIN,$4800,1.25,0.0/0.0,0,0,0,6.42,26.89,0.17,1.39,1.75,13.26,0.07,6,,,
Chris Godwin,Tampa Bay Buccaneers,TB @ CIN,$6300,1.4,0.0/0.0,0,0,0,0,0,0,4.09,6.16,48.68,0.32,8.8,,,
Baker Mayfield,Tampa Bay Buccaneers,TB @ CIN,$7500,2.16,21.28/33.22,238.71,1.76,0.77,0.9,3.95,0.03,0,0,0,0,16.2,,,
Mike Gesicki,Cincinnati Bengals,TB @ CIN,$4900,1.12,0.0/0.0,0,0,0,0,0,0,2.63,3.83,27.33,0.24,5.5,,,
Drew Sample,Cincinnati Bengals,TB @ CIN,$4600,0.39,0.0/0.0,0,0,0,0,0,0,0.99,1.35,7.59,0.09,1.8,,,
Tanner Hudson,Cincinnati Bengals,TB @ CIN,$4200,0,0.0/0.0,0,0,0,0,0,0,0,0,0,0,0,,,
Joe Burrow,Cincinnati Bengals,TB @ CIN,$8200,2.41,23.73/35.53,260.96,2.24,0.65,1.7,7.18,0.09,0,0,0,0,19.8,,,
Tee Higgins,Cincinnati Bengals,TB @ CIN,$7200,1.72,0.0/0.0,0,0,0,0,0,0,4.94,8.17,65.58,0.56,12.4,,,
Ja'Marr Chase,Cincinnati Bengals,TB @ CIN,$8900,1.75,0.0/0.0,0,0,0,0.26,1.23,0.01,6.72,10.23,78.29,0.71,15.6,,,
Kenneth Gainwell,Tampa Bay Buccaneers,TB @ CIN,$5500,1.45,0.0/0.0,0,0,0,5.59,24.95,0.19,2.82,3.8,20.16,0.17,8,,,
David Sills V,Tampa Bay Buccaneers,TB @ CIN,$4100,0,0.0/0.0,0,0,0,0,0,0,0,0,0,0,0,,,
Cade Otton,Tampa Bay Buccaneers,TB @ CIN,$5000,1.32,0.0/0.0,0,0,0,0,0,0,3.06,4.62,32.37,0.31,6.6,,,
Chase Brown,Cincinnati Bengals,TB @ CIN,$7500,2.09,0.0/0.0,0,0,0,16.34,71.23,0.47,3.47,4.47,27.74,0.23,15.7,,,
Sean Tucker,Tampa Bay Buccaneers,TB @ CIN,$5000,0.44,0.0/0.0,0,0,0,3.1,13.73,0.11,0.12,0.17,0.96,0.01,2.2,,,
Andrei Iosivas,Cincinnati Bengals,TB @ CIN,$4900,0.9,0.0/0.0,0,0,0,0.26,1.24,0.01,1.83,3.12,22.69,0.18,4.4,,,
Payne Durham,Tampa Bay Buccaneers,TB @ CIN,$4100,0.17,0.0/0.0,0,0,0,0,0,0,0.33,0.49,3.52,0.03,0.7,,,
Bucky Irving,Tampa Bay Buccaneers,TB @ CIN,$7900,1.61,0.0/0.0,0,0,0,17.17,75.68,0.39,1.72,2.29,14.52,0.1,12.7,,,
Jalen McMillan,Tampa Bay Buccaneers,TB @ CIN,$5400,1.31,0.0/0.0,0,0,0,0.14,0.75,0.01,3.03,5.04,38.53,0.26,7.1,,,
Kameron Johnson,Tampa Bay Buccaneers,TB @ CIN,$4200,0,0.0/0.0,0,0,0,0,0,0,0,0,0,0,0,,,
Erick All Jr.,Cincinnati Bengals,TB @ CIN,$4700,0.36,0.0/0.0,0,0,0,0,0,0,0.87,1.2,8.22,0.08,1.7,,,
Cam Grandy,Cincinnati Bengals,TB @ CIN,$4000,0,0.0/0.0,0,0,0,0,0,0,0,0,0,0,0,,,
Emeka Egbuka,Tampa Bay Buccaneers,TB @ CIN,$6400,1.5,0.0/0.0,0,0,0,0.14,0.74,0.01,3.85,6.91,53.5,0.37,9.6,,,
Tahj Brooks,Cincinnati Bengals,TB @ CIN,$4100,0.1,0.0/0.0,0,0,0,0.78,3.12,0.02,0,0,0,0,0.4,,,
Tez Johnson,Tampa Bay Buccaneers,TB @ CIN,$5100,0.65,0.0/0.0,0,0,0,0.42,2.23,0.03,1.3,2.17,15.35,0.12,3.3,,,
Josh Williams,Tampa Bay Buccaneers,TB @ CIN,N/A,N/A,0.0/0.0,0,0,0,0.62,2.58,0.01,0,0,0,0,0.3,,,
Ke'Shawn Williams,Cincinnati Bengals,TB @ CIN,N/A,N/A,0.0/0.0,0,0,0,0,0,0,0,0,0,0,0,,,
Kendall Milton,Cincinnati Bengals,TB @ CIN,$4000,0,0.0/0.0,0,0,0,0,0,0,0,0,0,0,0,,,
Jordan Moore,Cincinnati Bengals,TB @ CIN,$4000,0,0.0/0.0,0,0,0,0,0,0,0,0,0,0,0,,,
Colbie Young,Cincinnati Bengals,TB @ CIN,N/A,N/A,0.0/0.0,0,0,0,0,0,0,0.87,1.42,10.26,0.08,1.9,,,
Ted Hurst,Tampa Bay Buccaneers,TB @ CIN,N/A,N/A,0.0/0.0,0,0,0,0,0,0,0.94,1.57,11.08,0.08,2,,,
Tyrod Taylor,Green Bay Packers,GB @ MIN,$6000,0,0.0/0.0,0,0,0,0,0,0,0,0,0,0,0,,,
Aaron Jones,Minnesota Vikings,GB @ MIN,$5900,1.76,0.0/0.0,0,0,0,10.2,47.19,0.25,2.99,3.89,18.97,0.14,10.4,,,
Jonnu Smith,Green Bay Packers,GB @ MIN,N/A,N/A,0.0/0.0,0,0,0,0,0,0,1.09,1.56,8.4,0.1,2,,,
Kyler Murray,Minnesota Vikings,GB @ MIN,$7200,2.54,21.88/32.55,210.02,1.53,0.7,4.35,23.46,0.27,0.27,0.49,1.01,0.1,18.3,,,
T.J. Hockenson,Minnesota Vikings,GB @ MIN,$5000,1.14,0.0/0.0,0,0,0,0,0,0,3.37,4.71,28.27,0.2,5.7,,,
Josh Jacobs,Green Bay Packers,GB @ MIN,$7200,0.01,0.0/0.0,0,0,0,0.19,0.75,0.01,0,0,0,0,0.1,,,
Josh Oliver,Minnesota Vikings,GB @ MIN,$4200,0.48,0.0/0.0,0,0,0,0,0,0,1.15,1.62,9.97,0.08,2,,,
Justin Jefferson,Minnesota Vikings,GB @ MIN,$8100,1.58,0.0/0.0,0,0,0,0.13,0.58,0.01,6.25,9.71,70.44,0.43,12.8,,,
Jordan Love,Green Bay Packers,GB @ MIN,$7400,2.05,20.34/31.21,233.09,1.61,0.64,0.38,1.64,0.01,0,0,0,0,15.2,,,
Jauan Jennings,Minnesota Vikings,GB @ MIN,$5900,0.92,0.0/0.0,0,0,0,0,0,0,2.71,4.21,28.5,0.2,5.4,,,
Christian Watson,Green Bay Packers,GB @ MIN,$6400,1.69,0.0/0.0,0,0,0,0.15,0.66,0.01,4.16,7.21,62.83,0.39,10.8,,,
Skyy Moore,Green Bay Packers,GB @ MIN,$4000,0.07,0.0/0.0,0,0,0,0.09,0.41,0,0.16,0.27,1.79,0.01,0.3,,,
Jordan Mason,Minnesota Vikings,GB @ MIN,$5400,1.57,0.0/0.0,0,0,0,11.55,53.12,0.44,0.63,0.81,3.82,0.02,8.5,,,
Jordan Addison,Minnesota Vikings,GB @ MIN,$6100,1.33,0.0/0.0,0,0,0,0.13,0.6,0.01,3.61,5.82,43.52,0.31,8.1,,,
Jayden Reed,Green Bay Packers,GB @ MIN,$5700,1.51,0.0/0.0,0,0,0,1.55,7.13,0.06,3.34,5.12,42.82,0.28,8.6,,,
Tucker Kraft,Green Bay Packers,GB @ MIN,$6300,1.57,0.0/0.0,0,0,0,0.14,0.58,0,4.02,5.77,55.46,0.38,9.9,,,
Luke Musgrave,Green Bay Packers,GB @ MIN,$4200,0,0.0/0.0,0,0,0,0,0,0,0,0,0,0,0,,,
Malik Heath,Green Bay Packers,GB @ MIN,N/A,N/A,0.0/0.0,0,0,0,0,0,0,0.17,0.27,1.74,0.01,0.3,,,
Josh Whyle,Green Bay Packers,GB @ MIN,$4300,0.19,0.0/0.0,0,0,0,0,0,0,0.43,0.62,3.67,0.04,0.8,,,
Chris Brooks,Green Bay Packers,GB @ MIN,$4500,1.2,0.0/0.0,0,0,0,7.05,28.56,0.16,1.26,1.71,7.18,0.05,5.4,,,
John FitzPatrick,Green Bay Packers,GB @ MIN,N/A,N/A,0.0/0.0,0,0,0,0,0,0,0.45,0.65,3.75,0.04,0.8,,,
MarShawn Lloyd,Green Bay Packers,GB @ MIN,$4900,2.41,0.0/0.0,0,0,0,16.36,64.93,0.39,2.41,3.27,13.56,0.1,11.8,,,
J.J. McCarthy,Minnesota Vikings,GB @ MIN,$6300,0.03,0.0/0.01,0.04,0,0,0,0,0,0.38,0.49,0,0.01,0.2,,,
Matthew Golden,Green Bay Packers,GB @ MIN,$5600,1.04,0.0/0.0,0,0,0,0.09,0.41,0,2.79,4.65,31.52,0.21,5.8,,,
Kaleb Johnson,Green Bay Packers,GB @ MIN,$4300,0.28,0.0/0.0,0,0,0,2.25,8.86,0.05,0.07,0.09,0.38,0,1.2,,,
Tai Felton,Minnesota Vikings,GB @ MIN,$4300,0.23,0.0/0.0,0,0,0,0,0,0,0.51,0.81,5.56,0.03,1,,,
Savion Williams,Green Bay Packers,GB @ MIN,$4500,0,0.0/0.0,0,0,0,0,0,0,0,0,0,0,0,,,
Ben Yurosek,Minnesota Vikings,GB @ MIN,N/A,N/A,0.0/0.0,0,0,0,0,0,0,0,0,0,0,0,,,
Myles Price,Minnesota Vikings,GB @ MIN,N/A,N/A,0.0/0.0,0,0,0,0,0,0,0,0,0,0,0,,,
Jeshaun Jones,Minnesota Vikings,GB @ MIN,N/A,N/A,0.0/0.0,0,0,0,0,0,0,0,0,0,0,0,,,
Geno Smith,New York Jets,NYJ @ TEN,$6700,1.75,17.96/26.48,192.83,1.01,0.65,1.15,5.03,0.04,0,0,0,0,11.7,,,
Mitchell Trubisky,Tennessee Titans,NYJ @ TEN,$6000,0,0.0/0.01,0.05,0,0,0,0,0,0,0,0,0,0,,,
Calvin Ridley,Tennessee Titans,NYJ @ TEN,$5800,0.91,0.0/0.0,0,0,0,0,0,0,2.1,4.11,29.61,0.22,5.3,,,
Tim Patrick,New York Jets,NYJ @ TEN,$4300,0.09,0.0/0.0,0,0,0,0,0,0,0.17,0.26,2.27,0.01,0.4,,,
Tony Pollard,Tennessee Titans,NYJ @ TEN,$6000,1.78,0.0/0.0,0,0,0,16.64,70.38,0.24,1.62,2.31,10.01,0.12,10.7,,,
Andrew Beck,New York Jets,NYJ @ TEN,$4000,0.13,0.0/0.0,0,0,0,0.08,0.31,0,0.3,0.39,2.2,0.01,0.5,,,
Kylen Granson,Tennessee Titans,NYJ @ TEN,$4000,0.13,0.0/0.0,0,0,0,0,0,0,0.25,0.39,2.43,0.02,0.5,,,
Kene Nwangwu,New York Jets,NYJ @ TEN,$4000,0,0.0/0.0,0,0,0,0.09,0.36,0,0,0,0,0,0,,,
Breece Hall,New York Jets,NYJ @ TEN,$6900,2.22,0.0/0.0,0,0,0,20.61,92.1,0.48,2.13,2.78,18.35,0.09,15.3,,,
Wan'Dale Robinson,Tennessee Titans,NYJ @ TEN,$5300,1.4,0.0/0.0,0,0,0,0.14,0.64,0,3.72,6.18,40.1,0.24,7.4,,,
Garrett Wilson,New York Jets,NYJ @ TEN,$6900,1.46,0.0/0.0,0,0,0,0.09,0.46,0,5.06,7.73,59.49,0.28,10.1,,,
Daniel Bellinger,Tennessee Titans,NYJ @ TEN,$4500,0.42,0.0/0.0,0,0,0,0,0,0,0.96,1.39,9.24,0.08,1.9,,,
Jeremy Ruckert,New York Jets,NYJ @ TEN,$4200,0.07,0.0/0.0,0,0,0,0,0,0,0.2,0.27,1.72,0.01,0.3,,,
Julius Chestnut,Tennessee Titans,NYJ @ TEN,$4000,0.03,0.0/0.0,0,0,0,0.08,0.34,0,0.02,0.03,0.15,0,0.1,,,
Tyjae Spears,Tennessee Titans,NYJ @ TEN,$5000,1.7,0.0/0.0,0,0,0,8.51,36.01,0.17,2.46,3.39,17.59,0.16,8.5,,,
Irvin Charles,New York Jets,NYJ @ TEN,N/A,N/A,0.0/0.0,0,0,0,0,0,0,0,0,0,0,0,,,
Adonai Mitchell,New York Jets,NYJ @ TEN,$5400,1.09,0.0/0.0,0,0,0,0,0,0,2.7,4.71,35.53,0.18,5.9,,,
Braelon Allen,New York Jets,NYJ @ TEN,$4800,1.04,0.0/0.0,0,0,0,7.29,30.58,0.22,0.42,0.53,3.14,0.02,5,,,
Isaiah Davis,New York Jets,NYJ @ TEN,$4300,0.42,0.0/0.0,0,0,0,0.93,4.07,0.03,0.83,1.06,6.47,0.03,1.8,,,
Isaiah Williams,New York Jets,NYJ @ TEN,$4200,0.6,0.0/0.0,0,0,0,0.78,4,0.03,1.03,1.54,11.14,0.06,2.5,,,
David Martin-Robinson,Tennessee Titans,NYJ @ TEN,$4000,0,0.0/0.0,0,0,0,0,0,0,0,0,0,0,0,,,
Cam Ward,Tennessee Titans,NYJ @ TEN,$6600,2.12,19.42/31.33,201.48,1.54,0.6,0.83,3.63,0.02,0,0,0,0,14,,,
Mason Taylor,New York Jets,NYJ @ TEN,$4800,0.67,0.0/0.0,0,0,0,0,0,0,1.79,2.43,16.47,0.11,3.2,,,
Elic Ayomanor,Tennessee Titans,NYJ @ TEN,$5000,0.54,0.0/0.0,0,0,0,0,0,0,1.23,2.32,14.48,0.11,2.7,,,
Chimere Dike,Tennessee Titans,NYJ @ TEN,$4700,0.34,0.0/0.0,0,0,0,0.83,3.79,0.02,0.55,0.93,5.44,0.05,1.6,,,
Gunnar Helm,Tennessee Titans,NYJ @ TEN,N/A,N/A,0.0/0.0,0,0,0,0,0,0,2.97,4.4,25.23,0.24,5.4,,,
Arian Smith,New York Jets,NYJ @ TEN,N/A,N/A,0.0/0.0,0,0,0,0,0,0,0.21,0.32,2.43,0.01,0.4,,,
Xavier Restrepo,Tennessee Titans,NYJ @ TEN,N/A,N/A,0.0/0.0,0,0,0,0,0,0,0,0,0,0,0,,,
Carnell Tate,Tennessee Titans,NYJ @ TEN,N/A,N/A,0.0/0.0,0,0,0,0,0,0,3.54,5.87,47.11,0.3,8.3,,,
Kenyon Sadiq,New York Jets,NYJ @ TEN,N/A,N/A,0.0/0.0,0,0,0,0,0,0,2,2.7,19.37,0.12,3.6,,,
Omar Cooper,New York Jets,NYJ @ TEN,N/A,N/A,0.0/0.0,0,0,0,0,0,0,1.11,1.75,14.24,0.07,2.4,,,
Cade Klubnik,New York Jets,NYJ @ TEN,N/A,N/A,0.0/0.0,0,0,0,0,0,0,0,0,0,0,0,,,
Nicholas Singleton,Tennessee Titans,NYJ @ TEN,N/A,N/A,0.0/0.0,0,0,0,0.69,2.81,0.01,0.02,0.03,0.15,0,0.4,,,
Kalif Raymond,Chicago Bears,CHI @ CAR,$4800,0.54,0.0/0.0,0,0,0,0,0,0,1.23,1.92,15.55,0.08,2.6,,,
David Moore,Carolina Panthers,CHI @ CAR,$4100,0,0.0/0.0,0,0,0,0,0,0,0,0,0,0,0,,,
Cole Kmet,Chicago Bears,CHI @ CAR,$4500,0.78,0.0/0.0,0,0,0,0,0,0,1.74,2.56,19.05,0.13,3.5,,,
D'Andre Swift,Chicago Bears,CHI @ CAR,$6600,1.92,0.0/0.0,0,0,0,14.33,63.96,0.49,2.22,3.2,17.16,0.11,12.7,,,
A.J. Dillon,Carolina Panthers,CHI @ CAR,$4000,0.35,0.0/0.0,0,0,0,1.12,4.73,0.03,0.54,0.72,4.2,0.02,1.4,,,
Chuba Hubbard,Carolina Panthers,CHI @ CAR,$5800,1.84,0.0/0.0,0,0,0,14.55,63.41,0.39,1.59,2.09,8.88,0.07,10.7,,,
Tommy Tremble,Carolina Panthers,CHI @ CAR,$4700,0.62,0.0/0.0,0,0,0,0,0,0,1.66,2.39,14.34,0.11,2.9,,,
Feleipe Franks,Carolina Panthers,CHI @ CAR,$4000,0,0.0/0.0,0,0,0,0,0,0,0,0,0,0,0,,,
John Metchie III,Carolina Panthers,CHI @ CAR,$4600,0.89,0.0/0.0,0,0,0,0.32,1.5,0.01,2.04,3.29,21,0.14,4.1,,,
Kenny Pickett,Carolina Panthers,CHI @ CAR,$6000,0.03,0.4/0.62,4.2,0.02,0.02,0,0,0,0,0,0,0,0.2,,,
James Mitchell,Carolina Panthers,CHI @ CAR,N/A,N/A,0.0/0.0,0,0,0,0,0,0,0.65,0.9,5.82,0.04,1.1,,,
Bryce Young,Carolina Panthers,CHI @ CAR,$6800,2.35,20.15/31.09,210.95,1.32,0.66,4.05,19.48,0.22,0,0,0,0,16,,,
Roschon Johnson,Chicago Bears,CHI @ CAR,$4200,0,0.0/0.0,0,0,0,0.12,0.47,0,0,0,0,0,0,,,
Tyson Bagent,Chicago Bears,CHI @ CAR,$6000,0.05,0.44/0.67,4.49,0.03,0.02,0,0,0,0,0,0,0,0.3,,,
Xavier Legette,Carolina Panthers,CHI @ CAR,$4800,0.88,0.0/0.0,0,0,0,0,0,0,2.12,3.59,22.69,0.15,4.2,,,
Jonathon Brooks,Carolina Panthers,CHI @ CAR,$5700,0.89,0.0/0.0,0,0,0,6.47,28.02,0.23,0.68,0.9,4.62,0.03,5.1,,,
Rome Odunze,Chicago Bears,CHI @ CAR,$6700,1.16,0.0/0.0,0,0,0,0,0,0,3.32,6.36,43.87,0.3,7.8,,,
Caleb Williams,Chicago Bears,CHI @ CAR,$8000,2.2,20.24/33.0,232.5,1.56,0.55,3.83,17.1,0.17,0.04,0.07,0.14,0.01,17.6,,,
Ja'Tavion Sanders,Carolina Panthers,CHI @ CAR,$4600,0.48,0.0/0.0,0,0,0,0,0,0,1.3,1.8,10.86,0.08,2.2,,,
Jalen Coker,Carolina Panthers,CHI @ CAR,$5400,1.07,0.0/0.0,0,0,0,0,0,0,2.63,4.19,33.36,0.19,5.8,,,
Brycen Tremayne,Carolina Panthers,CHI @ CAR,$4000,0.2,0.0/0.0,0,0,0,0,0,0,0.37,0.6,4.23,0.03,0.8,,,
Casey Washington,Carolina Panthers,CHI @ CAR,$4000,0.65,0.0/0.0,0,0,0,0,0,0,1.28,2.09,14.84,0.09,2.6,,,
Tetairoa McMillan,Carolina Panthers,CHI @ CAR,$6800,1.37,0.0/0.0,0,0,0,0,0,0,4.09,6.76,54.38,0.31,9.3,,,
Colston Loveland,Chicago Bears,CHI @ CAR,$6000,1.67,0.0/0.0,0,0,0,0,0,0,4.71,7.1,52.81,0.4,10,,,
Luther Burden III,Chicago Bears,CHI @ CAR,$6200,1.5,0.0/0.0,0,0,0,0.43,1.75,0.02,3.9,6.69,53.13,0.3,9.3,,,
Kyle Monangai,Chicago Bears,CHI @ CAR,N/A,N/A,0.0/0.0,0,0,0,10.27,45.01,0.41,1.58,2.24,11.25,0.07,9.3,,,
Trevor Etienne,Carolina Panthers,CHI @ CAR,$4200,0,0.0/0.0,0,0,0,0,0,0,0,0,0,0,0,,,
Mitchell Evans,Carolina Panthers,CHI @ CAR,$4200,0.52,0.0/0.0,0,0,0,0.65,2.51,0.02,1.07,1.5,9.38,0.07,2.2,,,
Jahdae Walker,Chicago Bears,CHI @ CAR,N/A,N/A,0.0/0.0,0,0,0,0,0,0,1.77,3.2,21.86,0.15,4,,,
Jimmy Horn Jr.,Carolina Panthers,CHI @ CAR,$4100,0.44,0.0/0.0,0,0,0,0.97,4.56,0.04,0.54,0.9,6.55,0.04,1.8,,,
Chris Brazzell,Carolina Panthers,CHI @ CAR,N/A,N/A,0.0/0.0,0,0,0,0,0,0,0,0,0,0,0,,,
Sam Roush,Chicago Bears,CHI @ CAR,N/A,N/A,0.0/0.0,0,0,0,0,0,0,0,0,0,0,0,,,
Zavion Thomas,Chicago Bears,CHI @ CAR,N/A,N/A,0.0/0.0,0,0,0,0,0,0,0.18,0.32,2.17,0.01,0.4,,,
Jared Goff,Detroit Lions,NO @ DET,$7800,2.26,22.74/34.23,256.53,1.99,0.55,0.04,0.15,0,0,0,0,0,17.6,,,
Alvin Kamara,New Orleans Saints,NO @ DET,$5500,0.13,0.0/0.0,0,0,0,1.45,5.83,0.03,0,0,0,0,0.7,,,
Joshua Dobbs,Detroit Lions,NO @ DET,N/A,N/A,0.0/0.0,0.02,0,0,0,0,0,0,0,0,0,0,,,
Noah Fant,New Orleans Saints,NO @ DET,$4600,0.85,0.0/0.0,0,0,0,0,0,0,2.11,2.85,21.25,0.13,3.9,,,
Juwan Johnson,New Orleans Saints,NO @ DET,$5400,1.74,0.0/0.0,0,0,0,0,0,0,4.47,6.44,52.15,0.34,9.4,,,
Travis Etienne,New Orleans Saints,NO @ DET,$6800,2.15,0.0/0.0,0,0,0,18.01,73.33,0.52,2.81,3.76,20.7,0.13,14.6,,,
Amon-Ra St. Brown,Detroit Lions,NO @ DET,$8600,1.8,0.0/0.0,0,0,0,0.14,0.57,0,6.92,10.03,83.22,0.62,15.5,,,
Brock Wright,Detroit Lions,NO @ DET,$4500,0.4,0.0/0.0,0,0,0,0,0,0,0.91,1.31,8.46,0.08,1.8,,,
Jameson Williams,Detroit Lions,NO @ DET,$7100,1.35,0.0/0.0,0,0,0,0.41,1.69,0.01,3.57,6.05,53.9,0.37,9.6,,,
Chris Olave,New Orleans Saints,NO @ DET,$7400,1.8,0.0/0.0,0,0,0,0.13,0.74,0.01,6.08,9.51,75.91,0.43,13.3,,,
Isiah Pacheco,Detroit Lions,NO @ DET,$5300,0,0.0/0.0,0,0,0,0,0,0,0,0,0,0,0,,,
Tay Martin,Detroit Lions,NO @ DET,N/A,N/A,0.0/0.0,0,0,0,0,0,0,0.1,0.69,0.32,0.02,0.2,,,
Sam LaPorta,Detroit Lions,NO @ DET,$5800,1.67,0.0/0.0,0,0,0,0,0,0,4.35,6.24,50.1,0.41,9.7,,,
Jahmyr Gibbs,Detroit Lions,NO @ DET,$9100,2.75,0.0/0.0,0,0,0,20.95,129.5,1,3.72,5,29.32,0.24,25,,,
Trey Palmer,New Orleans Saints,NO @ DET,$4000,0,0.0/0.0,0,0,0,0,0,0,0,0,0,0,0,,,
Kendre Miller,New Orleans Saints,NO @ DET,$4200,1.21,0.0/0.0,0,0,0,5.72,24.09,0.19,1.01,1.31,7.76,0.04,5.1,,,
Audric Estime,New Orleans Saints,NO @ DET,$4400,0.23,0.0/0.0,0,0,0,1.31,5.3,0.03,0.25,0.33,1.73,0.01,1,,,
Devaughn Vele,New Orleans Saints,NO @ DET,$5000,1.32,0.0/0.0,0,0,0,0,0,0,2.97,4.78,37.8,0.23,6.6,,,
Mason Tipton,New Orleans Saints,NO @ DET,$4000,0,0.0/0.0,0,0,0,0,0,0,0,0,0,0,0,,,
Sione Vaki,Detroit Lions,NO @ DET,$4100,0.32,0.0/0.0,0,0,0,0.24,0.96,0.01,0.81,1.1,5.47,0.04,1.3,,,
Spencer Rattler,New Orleans Saints,NO @ DET,$6000,0,0.0/0.0,0,0,0,0,0,0,0,0,0,0,0,,,
Kevin Austin Jr.,New Orleans Saints,NO @ DET,$4100,0,0.0/0.0,0,0,0,0,0,0,0,0,0,0,0,,,
Tyler Shough,New Orleans Saints,NO @ DET,$6900,2.17,21.72/33.1,240.06,1.47,0.68,0.4,1.67,0.02,0,0,0,0,15,,,
Devin Neal,New Orleans Saints,NO @ DET,$4700,0,0.0/0.0,0,0,0,0,0,0,0,0,0,0,0,,,
Isaac TeSlaa,Detroit Lions,NO @ DET,$4800,0.81,0.0/0.0,0,0,0,0,0,0,1.6,2.77,20.73,0.17,3.9,,,
Moliki Matavao,New Orleans Saints,NO @ DET,$4000,0,0.0/0.0,0,0,0,0,0,0,0,0,0,0,0,,,
Jacob Saylors,Detroit Lions,NO @ DET,N/A,N/A,0.0/0.0,0,0,0,5.66,22.56,0.13,0.76,1.03,5.03,0.04,4.1,,,
Jackson Meeks,Detroit Lions,NO @ DET,N/A,N/A,0.0/0.0,0,0,0,0,0,0,0,0,0,0,0,,,
Jordyn Tyson,New Orleans Saints,NO @ DET,N/A,N/A,0.0/0.0,0,0,0,0,0,0,0,0,0,0,0,,,
Oscar Delp,New Orleans Saints,NO @ DET,N/A,N/A,0.0/0.0,0,0,0,0,0,0,0.35,0.5,3.61,0.02,0.7,,,
Bryce Lance,New Orleans Saints,NO @ DET,N/A,N/A,0.0/0.0,0,0,0,0,0,0,1.5,2.43,18.47,0.11,3.2,,,
Barion Brown,New Orleans Saints,NO @ DET,N/A,N/A,0.0/0.0,0,0,0,0,0,0,0.18,1.2,0.65,0.03,0.3,,,
Nick Folk,Atlanta Falcons,ATL @ PIT,N/A,N/A,2.1,2.06,1.91,1.72,0.02,0.54,0.49,0.63,0.17,8.6,,
Chris Boswell,Pittsburgh Steelers,ATL @ PIT,N/A,N/A,2.38,2.35,2.47,2.14,0.02,0.69,0.68,0.41,0.28,9.6,,
Jake Elliott,Philadelphia Eagles,WSH @ PHI,N/A,N/A,3.11,2.99,2.08,1.52,0.02,0.41,0.56,0.35,0.24,8.6,,
Jake Moody,Washington Commanders,WSH @ PHI,N/A,N/A,2.54,2.4,1.73,1.47,0,0.39,0.7,0.39,0.13,7.9,,
Zane Gonzalez,Miami Dolphins,MIA @ LV,N/A,N/A,2.08,2.03,2.19,1.84,0.04,0.49,0.48,0.49,0.27,8.4,,
Daniel Carlson,Las Vegas Raiders,MIA @ LV,N/A,N/A,2.21,2.14,2.26,1.91,0.05,0.55,0.43,0.59,0.3,9.1,,
Riley Patterson,Miami Dolphins,MIA @ LV,N/A,N/A,2.23,2.22,2.29,1.99,0,0.53,0.65,0.51,0.27,9.2,,
Blake Grupe,Indianapolis Colts,BAL @ IND,N/A,N/A,2.63,2.57,1.96,1.66,0.02,0.43,0.54,0.41,0.16,8,,
Tyler Loop,Baltimore Ravens,BAL @ IND,N/A,N/A,3.05,2.95,2.05,1.75,0,0.45,0.6,0.56,0.12,8.9,,
Ka'imi Fairbairn,Houston Texans,BUF @ HOU,N/A,N/A,1.81,1.8,2.12,1.89,0,0.57,0.52,0.69,0.23,9,,
Mike Badgley,Buffalo Bills,BUF @ HOU,N/A,N/A,2.82,2.78,2.32,1.83,0.02,0.56,0.62,0.46,0.17,9.1,,
Matthew Wright,Buffalo Bills,BUF @ HOU,N/A,N/A,2.24,2.18,1.51,1.36,0,0.37,0.45,0.45,0.26,7.7,,
Cameron Dicker,Los Angeles Chargers,ARI @ LAC,N/A,N/A,0.52,0.52,0.52,0.52,0.52,0.52,0.52,0.52,0.52,9.9,,
Chad Ryland,Arizona Cardinals,ARI @ LAC,N/A,N/A,2.04,1.63,2.18,2.04,0,0.51,0.57,0.48,0.15,7.5,,
Cam Little,Jacksonville Jaguars,CLE @ JAC,N/A,N/A,2.09,2.09,2.09,2.09,0,0.59,0.84,0.47,0.3,9.8,,
Andre Szmyt,Cleveland Browns,CLE @ JAC,N/A,N/A,1.63,1.55,1.88,1.82,0,0.49,0.48,0.54,0.27,8,,
Chase McLaughlin,Tampa Bay Buccaneers,TB @ CIN,N/A,N/A,3.13,3.01,2.16,1.73,0.02,0.59,0.53,0.41,0.12,8.7,,
Evan McPherson,Cincinnati Bengals,TB @ CIN,N/A,N/A,2.33,2.3,2.48,2.08,0,0.67,0.67,0.5,0.3,9.8,,
Brandon McManus,Green Bay Packers,GB @ MIN,N/A,N/A,2.94,2.84,1.99,1.66,0,0.56,0.54,0.38,0.17,8.5,,
Will Reichard,Minnesota Vikings,GB @ MIN,N/A,N/A,2.46,1.85,2.93,2.83,0,0.55,0.48,0.75,0.37,9.8,,
Trey Smack,Green Bay Packers,GB @ MIN,N/A,N/A,3.64,2.53,1.68,1.48,0,0.43,0.56,0.33,0.17,7.7,,
Joey Slye,Tennessee Titans,NYJ @ TEN,N/A,N/A,2.52,2.45,2.26,1.94,0.02,0.57,0.67,0.39,0.19,8.7,,
Cairo Santos,Chicago Bears,CHI @ CAR,N/A,N/A,3.09,2.94,2.36,1.91,0,0.73,0.54,0.4,0.17,9.2,,
Ryan Fitzgerald,Carolina Panthers,CHI @ CAR,N/A,N/A,2.08,2.08,2.35,1.91,0,0.62,0.51,0.51,0.21,8.6,,
Jake Bates,Detroit Lions,NO @ DET,N/A,N/A,2.8,2.76,2.48,2.13,0.04,0.7,0.53,0.6,0.14,9.7,,
Charlie Smyth,New Orleans Saints,NO @ DET,N/A,N/A,2.24,2.18,1.97,1.61,0,0.56,0.39,0.48,0.21,8,,
Atlanta D/ST,Atlanta Falcons,ATL @ PIT,$3700,1.43,23.5,326.34,2.39,0.47,0.32,0.14,5.3,,
Pittsburgh D/ST,Pittsburgh Steelers,ATL @ PIT,$4900,1.86,17,321.03,3.03,0.74,0.59,0.21,9.1,,
Philadelphia D/ST,Philadelphia Eagles,WSH @ PHI,$4500,1.67,19.5,298.69,2.72,0.72,0.38,0.19,7.5,,
Washington D/ST,Washington Commanders,WSH @ PHI,$3100,1.77,25,352.13,2.54,0.6,0.4,0.14,5.5,,
Miami D/ST,Miami Dolphins,MIA @ LV,$3000,2.2,21.75,314.58,2.49,0.7,0.42,0.16,6.6,,
Las Vegas D/ST,Las Vegas Raiders,MIA @ LV,$3800,2.29,18.75,310.32,3.63,0.75,0.37,0.19,8.7,,
Baltimore D/ST,Baltimore Ravens,BAL @ IND,$4300,1.37,22.75,361.83,2.19,0.72,0.3,0.16,5.9,,
Indianapolis D/ST,Indianapolis Colts,BAL @ IND,$3200,1.84,25.75,346.01,2.94,0.55,0.52,0.15,5.9,,
Buffalo D/ST,Buffalo Bills,BUF @ HOU,$4100,1.56,21.5,338.03,2.42,0.64,0.34,0.17,6.4,,
Houston D/ST,Houston Texans,BUF @ HOU,$4400,1.52,23,349,2.85,0.73,0.46,0.15,6.7,,
Arizona D/ST,Arizona Cardinals,ARI @ LAC,$3000,1.63,28,341.86,2.94,0.54,0.34,0.12,4.9,,
Los Angeles Chargers D/ST,Los Angeles Chargers,ARI @ LAC,$4600,1.67,19.5,321.57,3.39,0.52,0.35,0.18,7.7,,
Cleveland D/ST,Cleveland Browns,CLE @ JAC,$3500,1.63,24.5,338.5,2.37,0.69,0.42,0.14,5.7,,
Jacksonville D/ST,Jacksonville Jaguars,CLE @ JAC,$5000,2.0,16,268.7,4.17,0.63,0.42,0.22,10,,
Cincinnati D/ST,Cincinnati Bengals,TB @ CIN,$3600,1.75,23.5,347.1,2.43,0.77,0.43,0.16,6.3,,
Tampa Bay D/ST,Tampa Bay Buccaneers,TB @ CIN,$3900,1.44,27,351.85,2.99,0.65,0.38,0.13,5.6,,
Green Bay D/ST,Green Bay Packers,GB @ MIN,$4200,1.48,23.5,319.58,2.31,0.7,0.53,0.15,6.2,,
Minnesota D/ST,Minnesota Vikings,GB @ MIN,$4000,1.57,22,331.7,2.29,0.64,0.42,0.17,6.3,,
New York Jets D/ST,New York Jets,NYJ @ TEN,$3400,2.0,20,303.25,2.37,0.6,0.4,0.17,6.8,,
Tennessee D/ST,Tennessee Titans,NYJ @ TEN,$3200,2.66,18.5,306.21,3.51,0.65,0.42,0.19,8.5,,
Carolina D/ST,Carolina Panthers,CHI @ CAR,$3300,1.45,24.75,352.27,1.94,0.57,0.35,0.14,4.8,,
Chicago D/ST,Chicago Bears,CHI @ CAR,$4800,1.29,21.75,325.44,2.08,0.67,0.46,0.17,6.2,,
Detroit D/ST,Detroit Lions,NO @ DET,$4700,1.49,21.5,330.65,3.05,0.68,0.28,0.17,7,,
New Orleans D/ST,New Orleans Saints,NO @ DET,$3100,1.45,28,394.95,2.55,0.55,0.32,0.12,4.5,,