Id,Position,First Name,Nickname,Last Name,FPPG,Played,Salary,Game,Team,Opponent,Injury Indicator,Injury Details,Tier,,,Roster Position
134213-129368,RB,Jahmyr,Jahmyr Gibbs,Gibbs,34.099998474121094,1,9200,DET@BUF,DET,BUF,,,,,,RB/FLEX
134213-62239,QB,Josh,Josh Allen,Allen,38.65999984741211,1,9000,DET@BUF,BUF,DET,,,,,,QB
134213-86997,WR,Amon-Ra,Amon-Ra St. Brown,St. Brown,23.700000762939453,1,8800,DET@BUF,DET,BUF,,,,,,WR/FLEX
134213-91626,RB,James,James Cook III,Cook III,8.399999618530273,1,7900,DET@BUF,BUF,DET,,,,,,RB/FLEX
134213-57439,QB,Patrick,Patrick Mahomes,Mahomes,21.584285191127233,14,7800,DEN@KC,KC,DEN,,,,,,QB
134213-38435,QB,Jared,Jared Goff,Goff,16.440000534057617,1,7700,DET@BUF,DET,BUF,,,,,,QB
134213-103342,RB,Kenneth,Kenneth Walker III,Walker III,12.930000305175781,20,7600,DEN@KC,KC,DEN,,,,,,RB/FLEX
134213-111311,WR,Rashee,Rashee Rice,Rice,15.824999809265137,8,7500,DEN@KC,KC,DEN,,,,,,WR/FLEX
134213-102965,QB,Bo,Bo Nix,Nix,19.605555216471355,18,7400,DEN@KC,DEN,KC,,,,,,QB
134213-111631,WR,Jameson,Jameson Williams,Williams,6.5,1,7200,DET@BUF,DET,BUF,,,,,,WR/FLEX
134213-91591,QB,Justin,Justin Fields,Fields,15.962222629123264,9,7100,DEN@KC,KC,DEN,,,,,,QB
134213-57403,WR,Courtland,Courtland Sutton,Sutton,10.799999839381167,19,7000,DEN@KC,DEN,KC,,,,,,WR/FLEX
134213-63043,WR,DJ,DJ Moore,Moore,21.5,1,6700,DET@BUF,BUF,DET,,,,,,WR/FLEX
134213-87787,RB,J.K.,J.K. Dobbins,Dobbins,11.640000152587891,10,6300,DEN@KC,DEN,KC,,,,,,RB/FLEX
134213-90573,WR,Jaylen,Jaylen Waddle,Waddle,10.319999694824219,16,6200,DEN@KC,DEN,KC,,,,,,WR/FLEX
134213-158974,WR,Xavier,Xavier Worthy,Worthy,5.926666768391927,15,6100,DEN@KC,KC,DEN,,,,,,WR/FLEX
134213-151938,QB,Luke,Luke Altmyer,Altmyer,,0,6000,DET@BUF,DET,BUF,,,,,,QB
134213-92560,QB,Sam,Sam Ehlinger,Ehlinger,,0,6000,DEN@KC,DEN,KC,,,,,,QB
134213-60947,QB,Jarrett,Jarrett Stidham,Stidham,4.260000228881836,2,6000,DEN@KC,DEN,KC,,,,,,QB
134213-69833,QB,Shane,Shane Buechele,Buechele,3.9200000762939453,1,6000,DET@BUF,BUF,DET,,,,,,QB
134213-151757,QB,Garrett,Garrett Nussmeier,Nussmeier,,0,6000,DEN@KC,KC,DEN,,,,,,QB
134213-40407,QB,Joshua,Joshua Dobbs,Dobbs,0.5249999761581421,4,6000,DET@BUF,DET,BUF,,,,,,QB
134213-53095,QB,Kyle,Kyle Allen,Allen,-0.15000000596046448,2,6000,DET@BUF,BUF,DET,,,,,,QB
134213-86518,WR,Khalil,Khalil Shakir,Shakir,7,1,6000,DET@BUF,BUF,DET,,,,,,WR/FLEX
134213-105646,TE,Sam,Sam LaPorta,LaPorta,7.300000190734863,1,5700,DET@BUF,DET,BUF,,,,,,TE/FLEX
134213-110484,RB,RJ,RJ Harvey,Harvey,10.531579268606086,19,5600,DEN@KC,DEN,KC,,,,,,RB/FLEX
134213-145558,TE,Dalton,Dalton Kincaid,Kincaid,18.5,1,5400,DET@BUF,BUF,DET,,,,,,TE/FLEX
134213-151903,WR,Troy,Troy Franklin,Franklin,8.505882711971507,17,5400,DEN@KC,DEN,KC,,,,,,WR/FLEX
134213-33076,TE,Travis,Travis Kelce,Kelce,9.129411585190716,17,5300,DEN@KC,KC,DEN,,,,,,TE/FLEX
134213-89220,WR,Tyquan,Tyquan Thornton,Thornton,5.941666920979817,12,5000,DEN@KC,KC,DEN,,,,,,WR/FLEX
134213-63050,RB,Ty,Ty Johnson,Johnson,5.194117826573989,17,5000,DET@BUF,BUF,DET,NA,Hamstring,,,,RB/FLEX
134213-12531,D,Denver,Denver Broncos,Broncos,8.631578947368421,19,5000,DEN@KC,DEN,KC,,,,,,DEF
134213-103694,RB,Ray,Ray Davis,Davis,0.30000001192092896,1,4900,DET@BUF,BUF,DET,,,,,,RB/FLEX
134213-157467,WR,Keon,Keon Coleman,Coleman,0.6000000238418579,1,4900,DET@BUF,BUF,DET,,,,,,WR/FLEX
134213-130270,TE,Adam,Adam Trautman,Trautman,2.9583333333333335,12,4900,DEN@KC,DEN,KC,,,,,,TE/FLEX
134213-41872,TE,Evan,Evan Engram,Engram,4.5500000847710504,18,4800,DEN@KC,DEN,KC,,,,,,TE/FLEX
134213-120093,WR,Marvin,Marvin Mims Jr.,Mims Jr.,6,17,4800,DEN@KC,DEN,KC,,,,,,WR/FLEX
134213-183488,WR,Isaac,Isaac TeSlaa,TeSlaa,0,1,4800,DET@BUF,DET,BUF,,,,,,WR/FLEX
134213-64585,TE,Dawson,Dawson Knox,Knox,1.2000000476837158,1,4700,DET@BUF,BUF,DET,,,,,,TE/FLEX
134213-176467,WR,Jalen,Jalen Royals,Royals,0.699999988079071,2,4700,DEN@KC,KC,DEN,,,,,,WR/FLEX
134213-167622,RB,Jonah,Jonah Coleman,Coleman,,0,4600,DEN@KC,DEN,KC,,,,,,RB/FLEX
134213-87418,WR,Joshua,Joshua Palmer,Palmer,9.899999618530273,1,4600,DET@BUF,BUF,DET,,,,,,WR/FLEX
134213-91046,TE,Brock,Brock Wright,Wright,1,1,4500,DET@BUF,DET,BUF,,,,,,TE/FLEX
134213-69558,WR,Greg,Greg Dortch,Dortch,0,1,4500,DET@BUF,BUF,DET,,,,,,WR/FLEX
134213-71031,WR,Lil'Jordan,Lil'Jordan Humphrey,Humphrey,4.377777947319879,9,4500,DEN@KC,DEN,KC,,,,,,WR/FLEX
134213-158402,WR,Skyler,Skyler Bell,Bell,,0,4400,DET@BUF,BUF,DET,NA,Coach's decision,,,,WR/FLEX
134213-169046,WR,Cyrus,Cyrus Allen,Allen,,0,4400,DEN@KC,KC,DEN,,,,,,WR/FLEX
134213-93143,TE,Noah,Noah Gray,Gray,2.176923018235427,13,4400,DEN@KC,KC,DEN,,,,,,TE/FLEX
134213-155551,WR,Pat,Pat Bryant,Bryant,4.628571646554129,14,4300,DEN@KC,DEN,KC,,,,,,WR/FLEX
134213-60451,TE,Tyler,Tyler Conklin,Conklin,2.300000031789144,6,4300,DET@BUF,DET,BUF,,,,,,TE/FLEX
134213-12532,D,Detroit,Detroit Lions,Lions,10,1,4300,DET@BUF,DET,BUF,,,,,,DEF
134213-155775,RB,Brashard,Brashard Smith,Smith,2.9882352492388558,17,4300,DEN@KC,KC,DEN,,,,,,RB/FLEX
134213-119730,WR,Jimmy,Jimmy Holiday,Holiday,,0,4200,DEN@KC,KC,DEN,IR,Undisclosed,,,,WR/FLEX
134213-173626,TE,Nate,Nate Adkins,Adkins,2.057142802647182,7,4200,DEN@KC,DEN,KC,,,,,,TE/FLEX
134213-200291,TE,Jackson,Jackson Hawes,Hawes,3.4384615971491885,13,4200,DET@BUF,BUF,DET,,,,,,TE/FLEX
134213-168076,RB,Sione,Sione Vaki,Vaki,2.299999952316284,1,4100,DET@BUF,DET,BUF,,,,,,RB/FLEX
134213-103192,TE,Jared,Jared Wiley,Wiley,0.44999998807907104,2,4100,DEN@KC,KC,DEN,,,,,,TE/FLEX
134213-94887,RB,Tyler,Tyler Badie,Badie,1.6176470588235294,17,4100,DEN@KC,DEN,KC,,,,,,RB/FLEX
134213-191983,TE,Dallen,Dallen Bentley,Bentley,,0,4100,DEN@KC,DEN,KC,,,,,,TE/FLEX
134213-12526,D,Buffalo,Buffalo Bills,Bills,6,1,4100,DET@BUF,BUF,DET,,,,,,DEF
134213-128765,RB,Nate,Nate Carter,Carter,2,2,4100,DEN@KC,KC,DEN,,,,,,RB/FLEX
134213-110977,TE,Thomas,Thomas Gordon,Gordon,,0,4000,DET@BUF,DET,BUF,,,,,,TE/FLEX
134213-93845,WR,Tay,Tay Martin,Martin,0,1,4000,DET@BUF,DET,BUF,,,,,,WR/FLEX
134213-157975,TE,Keleki,Keleki Latu,Latu,0,1,4000,DET@BUF,BUF,DET,,,,,,TE/FLEX
134213-139284,RB,Frank,Frank Gore Jr.,Gore Jr.,0.30000001192092896,1,4000,DET@BUF,BUF,DET,,,,,,RB/FLEX
134213-129302,WR,Stephen,Stephen Gosnell,Gosnell,,0,4000,DET@BUF,BUF,DET,,,,,,WR/FLEX
134213-143509,TE,Caleb,Caleb Lohner,Lohner,,0,4000,DEN@KC,DEN,KC,IR,Lower body,,,,TE/FLEX
134213-92575,RB,Isiah,Isiah Pacheco,Pacheco,5.984615619365986,13,4000,DET@BUF,DET,BUF,IR,Back,,,,RB/FLEX
134213-166434,WR,Dane,Dane Key,Key,,0,4000,DEN@KC,DEN,KC,,,,,,WR/FLEX
134213-86692,TE,Thomas,Thomas Odukoya,Odukoya,,0,4000,DEN@KC,KC,DEN,,,,,,TE/FLEX
134213-154661,WR,Michael,Michael Bandy,Bandy,2.75,4,4000,DEN@KC,DEN,KC,,,,,,WR/FLEX
134213-225459,WR,Jeff,Jeff Caldwell,Caldwell,,0,4000,DEN@KC,KC,DEN,IR,Knee,,,,WR/FLEX
134213-243761,WR,Kolbe,Kolbe Katsis,Katsis,,0,4000,DEN@KC,DEN,KC,,,,,,WR/FLEX
134213-86075,TE,Lucas,Lucas Krull,Krull,1.25,2,4000,DEN@KC,DEN,KC,,,,,,TE/FLEX
134213-152128,WR,Dominic,Dominic Lovett,Lovett,0,1,4000,DET@BUF,DET,BUF,,,,,,WR/FLEX
134213-104388,WR,Tom,Tom Kennedy,Kennedy,0,1,4000,DET@BUF,DET,BUF,,,,,,WR/FLEX
134213-152526,TE,Jake,Jake Briningstool,Briningstool,,0,4000,DEN@KC,KC,DEN,,,,,,TE/FLEX
134213-58189,TE,Mitchell,Mitchell Fraboni,Fraboni,,0,4000,DEN@KC,DEN,KC,,,,,,TE/FLEX
134213-166095,RB,Cody,Cody Schrader,Schrader,,0,4000,DEN@KC,DEN,KC,,,,,,RB/FLEX
134213-166860,RB,Emmett,Emmett Johnson,Johnson,,0,4000,DEN@KC,KC,DEN,,,,,,RB/FLEX
134213-65231,RB,Adam,Adam Prentice,Prentice,0.8666666666666667,15,4000,DEN@KC,DEN,KC,,,,,,RB/FLEX
134213-91481,WR,Nikko,Nikko Remigio,Remigio,0.264285717691694,14,4000,DEN@KC,KC,DEN,,,,,,WR/FLEX
134213-119642,WR,Ja'Mori,Ja'Mori Maclin,Maclin,,0,4000,DET@BUF,BUF,DET,,,,,,WR/FLEX
134213-42077,TE,James,James Winchester,Winchester,0,1,4000,DEN@KC,KC,DEN,,,,,,TE/FLEX
134213-63967,WR,Lucky,Lucky Jackson,Jackson,,0,4000,DET@BUF,DET,BUF,,,,,,WR/FLEX
134213-185827,RB,Jacob,Jacob Saylors,Saylors,0,1,4000,DET@BUF,DET,BUF,,,,,,RB/FLEX
134213-166118,RB,Jaydn,Jaydn Ott,Ott,,0,4000,DEN@KC,KC,DEN,,,,,,RB/FLEX
134213-152933,TE,John Michael,John Michael Gyllenborg,Gyllenborg,,0,4000,DEN@KC,KC,DEN,IR,Knee,,,,TE/FLEX
134213-139114,RB,Jabari,Jabari Small,Small,,0,4000,DET@BUF,DET,BUF,,,,,,RB/FLEX
134213-166894,WR,Omari,Omari Evans,Evans,,0,4000,DEN@KC,KC,DEN,,,,,,WR/FLEX
134213-166770,WR,Kendrick,Kendrick Law,Law,,0,4000,DET@BUF,DET,BUF,IR,Knee - acl,,,,WR/FLEX
134213-151799,WR,Jackson,Jackson Meeks,Meeks,,0,4000,DET@BUF,DET,BUF,,,,,,WR/FLEX
134213-12536,D,Kansas City,Kansas City Chiefs,Chiefs,5.411764705882353,17,4000,DEN@KC,KC,DEN,,,,,,DEF
134213-183290,WR,Andrew,Andrew Armstrong,Armstrong,,0,4000,DEN@KC,KC,DEN,,,,,,WR/FLEX
134213-56059,WR,Trent,Trent Sherfield Sr.,Sherfield Sr.,0.8999999761581421,4,4000,DET@BUF,BUF,DET,,,,,,WR/FLEX